"seed";"alpha";"sig.alpha";"gam";"lambda";"sig.lambda";"g";"delta";"a";"sig.a";"w";"beta0";"beta1";"u";"sigQobs";"sigNobs";"sigSobs";"Q.0";"N.0";"S.0"
"tri.1";1691699385.71224;0.5;0.1;50;22;0.25;0.08;10;1.7;0.1;0.15;0;35;0.9;0.03;0.5;0.1;0.96;0.02;0.22
"para.1";1116757478.97997;0.5;0.1;50;22;0.25;0.08;0.5;1.7;0.1;0.15;0;35;0.9;0.03;0.5;0.1;0.96;0.02;0.22
"food.1";1054866677.50879;0.5;0.1;20;5;0.25;0.02;10;1;0.1;0;0;35;0.9;0.03;0.5;0.1;0.96;0.02;0.22
"para.2";1361101458.86619;0.5;0.1;50;10;5;0.08;0.5;1.7;1;0.15;0;35;0.9;0.03;0.5;0.1;0.96;0.02;0.22
